student_id,age,gender,course_id,total_logins,avg_session_duration,videos_watched,assignments_submitted,forum_posts,quiz_scores_avg,final_grade,dropped_out
S0001,24,Female,C104,17,50,15,4,12,92.1,100,No
S0002,37,Female,C102,27,53.6,18,4,11,83.1,92.5,No
S0003,46,Male,C102,17,34,8,4,10,59.2,69.7,No
S0004,32,Female,C104,19,22.6,13,1,11,45.1,71.3,No
S0005,28,Female,C101,11,56,16,2,13,100,77.4,No
S0006,25,Male,C101,7,50.9,4,5,1,66.8,91.4,Yes
S0007,46,Other,C102,27,41.8,1,4,13,58.6,83.1,No
S0008,38,Female,C101,20,26.9,19,4,11,90.8,65.5,No
S0009,24,Other,C104,18,34.5,15,3,4,84.2,33.4,No
S0010,43,Female,C101,29,33.4,13,2,14,87.7,88.4,No
S0011,36,Female,C102,19,38.3,13,0,3,68.5,36.4,No
S0012,40,Male,C104,16,49.5,0,2,8,98.2,47.7,No
S0013,28,Other,C101,15,43.8,2,2,11,50.3,67,No
S0014,28,Female,C103,21,24.2,6,5,4,61.7,50.7,No
S0015,41,Male,C104,14,48.8,14,2,8,75.8,81.4,No
S0016,38,Male,C104,16,38.1,18,5,10,87.5,69.1,No
S0017,21,Male,C103,25,41.9,19,4,8,79.9,90.7,No
S0018,25,Female,C103,20,49.7,1,4,13,68.8,42.8,No
S0019,41,Other,C104,12,23.9,18,1,1,62.9,61.8,No
S0020,20,Male,C103,21,34.6,8,5,13,87.6,75.1,No
S0021,39,Female,C102,19,29.7,18,5,14,81.5,75.9,No
S0022,38,Male,C102,25,19.3,4,0,8,56.9,88.9,Yes
S0023,19,Other,C102,19,38.5,17,3,2,56.4,56.7,No
S0024,41,Female,C104,22,60.1,15,2,3,61.8,65.6,No
S0025,29,Female,C103,11,16.6,3,0,0,59.9,85.1,No
S0026,47,Female,C103,24,34.7,11,5,13,85.4,31,No
S0027,23,Male,C101,16,41.4,6,0,0,76.5,82.7,No
S0028,19,Male,C101,15,36.2,13,1,0,78.4,90.3,No
S0029,49,Male,C103,24,33.9,22,3,8,72.9,48.3,No
S0030,45,Female,C103,16,22,11,5,10,73.6,68.7,No
S0031,38,Female,C103,16,37.3,2,5,7,46.3,100,No
S0032,18,Other,C104,19,27.4,4,2,4,81.9,88.2,Yes
S0033,29,Other,C103,20,13.1,16,3,4,61.5,83.9,No
S0034,43,Female,C101,13,46.9,9,1,8,69.5,94.8,No
S0035,39,Female,C104,25,44.6,9,4,2,62.9,100,No
S0036,46,Other,C103,16,35.5,10,0,2,72.2,75.4,Yes
S0037,29,Female,C101,17,37.3,16,2,6,78.6,66.9,No
S0038,42,Male,C104,21,45.7,4,5,8,54.9,94.8,No
S0039,34,Female,C103,24,37.2,12,4,5,73.8,71.3,No
S0040,44,Male,C103,27,44,9,1,13,63.3,56.4,Yes
S0041,44,Other,C103,15,32,8,3,1,89.8,64.2,No
S0042,48,Female,C104,24,48.1,16,0,0,53.3,81.2,No
S0043,27,Male,C101,14,38.2,0,2,1,55,66,Yes
S0044,49,Female,C101,22,36.9,3,5,13,64.6,67.5,No
S0045,45,Female,C102,19,22.3,3,5,13,56.1,54.5,No
S0046,45,Male,C103,24,37.9,17,4,0,66.6,100,No
S0047,33,Male,C102,22,26.7,8,4,9,62.1,68.1,No
S0048,32,Female,C102,26,28.6,24,0,9,71.3,60.8,No
S0049,47,Female,C101,15,26.8,17,3,8,85.1,62.9,No
S0050,47,Female,C104,21,24.3,13,1,14,71.1,91.1,No
S0051,32,Female,C104,25,56.2,24,3,9,72.4,86.5,No
S0052,47,Female,C101,23,48.3,14,3,14,54.1,65,No
S0053,36,Female,C104,20,54.2,5,3,11,68,75.6,No
S0054,29,Female,C102,19,22.8,23,0,13,63.7,80.5,No
S0055,40,Female,C103,20,35.7,9,0,12,80.2,60.9,No
S0056,37,Male,C101,18,22.1,14,1,7,58.5,44.2,No
S0057,49,Male,C103,13,28,3,3,14,57.1,85.3,No
S0058,42,Male,C104,14,25.8,17,0,6,74.8,62,No
S0059,20,Female,C103,19,47.4,17,1,14,99.7,83.8,No
S0060,22,Female,C104,22,31,24,5,2,67.4,81.4,No
S0061,36,Female,C104,18,45.7,16,1,7,72.5,76.1,No
S0062,24,Male,C102,22,41,11,3,1,84.2,66.5,No
S0063,38,Male,C104,22,58,6,2,1,77.6,62.3,No
S0064,26,Male,C102,23,20.2,15,3,10,77.7,52.2,No
S0065,24,Male,C102,16,47.6,10,2,9,68.6,62.7,No
S0066,35,Female,C102,17,46.5,13,1,2,68.9,86.4,No
S0067,21,Male,C101,23,25.3,2,5,6,58.7,100,Yes
S0068,42,Male,C101,17,45.1,18,5,0,77.3,100,No
S0069,45,Other,C104,24,38.4,17,0,7,77,77.9,No
S0070,31,Male,C102,17,32.7,9,5,11,80.8,100,No
S0071,35,Female,C101,22,26.8,5,4,6,62.7,68.9,No
S0072,43,Female,C102,13,27.8,12,1,3,82.5,49.2,No
S0073,26,Male,C103,19,55.5,9,0,13,87,100,No
S0074,43,Female,C103,21,35,17,5,14,51.8,85.7,No
S0075,38,Female,C103,36,42.8,19,1,4,65.5,44.3,No
S0076,19,Other,C104,19,27.1,15,3,9,87.6,100,No
S0077,37,Male,C102,17,27.2,24,5,12,60.3,60.1,No
S0078,45,Other,C103,17,45.8,24,2,0,77.9,64.5,No
S0079,32,Female,C101,23,21.5,5,1,3,70.1,95.4,No
S0080,45,Male,C103,25,30.8,12,0,14,75,100,No
S0081,24,Female,C103,26,35.3,3,3,0,70.6,55,No
S0082,29,Other,C103,23,36.1,22,4,0,81.2,100,No
S0083,46,Female,C104,13,33.2,13,3,9,54.7,92.5,No
S0084,25,Male,C101,17,39,0,5,0,56.3,59,No
S0085,32,Female,C102,17,41.9,19,2,6,92,70.1,No
S0086,20,Male,C101,23,42.3,4,3,6,100,100,No
S0087,31,Male,C102,22,25.1,7,4,3,69.9,43.8,No
S0088,34,Male,C104,27,32.2,11,0,14,95.7,100,Yes
S0089,21,Male,C104,12,46.9,1,1,12,58.4,91.9,Yes
S0090,35,Male,C104,24,43.9,11,2,11,62,85.2,No
S0091,25,Male,C104,25,21.3,4,4,1,91.9,77.6,No
S0092,21,Female,C102,21,38.5,21,5,11,82.1,100,No
S0093,19,Male,C103,22,15.2,4,5,2,94.1,100,No
S0094,47,Male,C102,26,35.5,12,5,7,77,62.7,No
S0095,23,Female,C101,20,54,8,2,12,54.8,87.2,No
S0096,39,Female,C104,17,25.5,9,3,7,73.4,100,No
S0097,27,Female,C104,24,26.7,0,2,10,88,59.3,Yes
S0098,21,Male,C101,27,42.6,2,5,10,68,79.9,No
S0099,39,Male,C102,21,19.6,17,4,5,65.7,95.1,No
S0100,46,Male,C103,21,28.7,11,1,14,77.3,34.7,No
S0101,48,Male,C103,16,41,2,1,9,61.6,91.6,No
S0102,35,Male,C101,13,28.7,24,2,8,74.4,53.2,No
S0103,43,Male,C103,20,32.6,8,5,10,71,78.8,No
S0104,29,Male,C102,30,42.4,1,0,11,62.6,97.9,No
S0105,19,Male,C102,23,39.2,2,2,8,84.7,27.2,Yes
S0106,27,Female,C101,22,37.7,13,5,3,79.7,90.7,No
S0107,47,Male,C102,16,31.6,3,3,11,64.7,100,Yes
S0108,21,Male,C104,20,38.7,24,1,0,69.8,64.3,No
S0109,31,Female,C101,14,33.8,18,1,0,65.9,86.5,No
S0110,48,Female,C102,20,39.6,12,1,14,60.4,100,No
S0111,33,Male,C101,21,30,6,0,11,44.5,43.1,No
S0112,32,Female,C103,16,33.2,11,5,9,62.7,90.1,No
S0113,25,Female,C102,16,25.1,2,5,14,60.6,95.5,No
S0114,31,Male,C104,13,34.6,22,5,4,71.7,87.8,No
S0115,40,Female,C102,24,26.9,22,5,13,76.6,76.7,No
S0116,45,Other,C101,20,23.9,8,0,12,58,55,No
S0117,42,Male,C101,28,37.6,1,4,1,75.6,100,Yes
S0118,47,Male,C102,13,37.1,21,2,14,55.7,75.7,No
S0119,25,Female,C104,14,42.8,8,2,5,68.1,56.9,No
S0120,38,Female,C104,20,30.7,11,5,6,61,68.6,No
S0121,33,Male,C104,20,39.1,11,3,0,81.2,82.4,No
S0122,30,Male,C101,17,40.5,14,1,5,71.8,43.8,No
S0123,35,Male,C102,19,39.4,1,0,7,68.3,75.4,Yes
S0124,32,Female,C103,27,26.7,17,3,11,60.6,66.7,No
S0125,38,Female,C101,21,36.5,12,3,4,65.1,100,No
S0126,41,Male,C104,25,38.6,13,5,13,97.4,37.5,No
S0127,43,Female,C102,22,35.1,4,0,11,62.5,93.8,No
S0128,42,Female,C104,17,14.1,9,2,6,77.2,100,No
S0129,45,Male,C103,21,36.6,11,1,9,68.3,38.3,No
S0130,45,Male,C104,14,57.1,9,2,5,76.8,40.7,No
S0131,45,Female,C104,19,31.4,23,3,3,82.6,100,No
S0132,30,Female,C103,14,27.7,10,1,14,64.7,56.9,No
S0133,26,Female,C102,24,38.7,24,4,14,80.6,100,No
S0134,46,Female,C101,12,38.1,1,3,6,100,38.9,No
S0135,32,Male,C102,29,46.9,4,2,9,78.5,78.4,No
S0136,30,Male,C103,22,22.4,6,2,8,94.2,74.5,No
S0137,18,Female,C104,21,42.3,5,5,9,77.2,70.8,No
S0138,42,Male,C102,21,40.9,21,2,9,56,84.3,No
S0139,24,Male,C101,23,33.6,22,0,12,74.1,85.4,Yes
S0140,26,Male,C103,27,38.4,2,3,6,65,71.6,No
S0141,41,Male,C102,20,45.3,12,1,11,61.1,54.7,No
S0142,18,Male,C101,17,43.7,2,2,13,68.9,96,No
S0143,29,Male,C103,21,23.6,24,5,4,67.7,87.6,No
S0144,25,Male,C101,14,43.2,23,5,6,54.1,77.3,No
S0145,41,Male,C103,18,34.4,20,2,2,100,86.9,No
S0146,48,Female,C104,22,35.7,5,0,1,82.1,90.4,No
S0147,28,Female,C102,23,35.7,10,5,10,73.7,59.8,No
S0148,36,Female,C101,22,33.5,16,1,14,71.3,86.2,No
S0149,34,Female,C103,17,46.9,9,3,4,88,63.9,No
S0150,25,Female,C101,19,34.2,11,4,3,100,91,No
S0151,20,Male,C101,27,23.8,16,0,4,80.3,71.2,No
S0152,20,Female,C102,17,31.1,3,5,7,71.8,87.2,No
S0153,18,Female,C104,18,36.8,1,3,11,92.1,66.3,Yes
S0154,44,Female,C101,23,47.3,10,4,3,72.1,88.3,No
S0155,22,Male,C103,18,41,6,2,14,76.5,55.4,No
S0156,27,Male,C103,19,26.5,1,2,8,85,75.7,Yes
S0157,24,Male,C104,26,59.9,17,1,6,64.2,94.6,Yes
S0158,43,Male,C103,15,37.6,20,4,9,38.9,84.3,No
S0159,26,Female,C104,22,47.8,3,2,12,63.5,78.8,No
S0160,45,Female,C103,18,33.5,7,2,11,81.6,100,No
S0161,24,Male,C102,19,40.3,19,5,6,80.5,95.5,No
S0162,26,Other,C101,22,43.4,13,1,14,90.1,92.1,Yes
S0163,25,Female,C102,18,47.2,11,3,12,64,88.2,No
S0164,29,Male,C101,23,45.6,21,2,12,93.7,90.7,No
S0165,19,Male,C101,20,43.7,20,0,7,72.8,100,No
S0166,18,Male,C101,18,31.8,17,0,11,79.1,66.6,No
S0167,33,Male,C102,15,29.3,10,3,5,83.6,95.2,No
S0168,40,Male,C101,24,38.3,7,4,7,49.3,82.1,No
S0169,40,Male,C102,17,44.3,1,1,2,54.9,67.3,Yes
S0170,47,Male,C104,17,32.8,24,5,9,54.4,73,No
S0171,41,Male,C103,21,45.7,14,0,9,86.1,79.4,No
S0172,22,Female,C103,31,49.5,8,0,13,65.4,57.8,No
S0173,20,Male,C101,18,25.8,18,3,0,100,92.3,No
S0174,29,Female,C102,20,26.6,19,4,5,70.1,72.9,No
S0175,25,Male,C103,21,33.6,7,4,0,47.9,76.7,Yes
S0176,39,Other,C102,19,38.1,24,3,8,59.9,100,No
S0177,44,Male,C102,17,29.8,18,0,13,71.8,77.6,No
S0178,20,Male,C101,11,48.5,4,1,1,77.7,100,No
S0179,18,Other,C103,21,39.2,10,0,10,55.2,64.5,No
S0180,20,Female,C101,21,35.4,14,4,1,78.5,53.1,No
S0181,22,Female,C101,19,20.6,7,5,6,82.5,69.2,No
S0182,32,Male,C103,20,21.8,18,0,1,60.4,18.7,No
S0183,31,Male,C103,22,37.8,22,1,9,99.5,93.1,Yes
S0184,20,Female,C104,22,13.7,7,2,7,62,54.2,No
S0185,18,Other,C104,19,45.1,18,0,5,55,62.6,No
S0186,22,Female,C102,20,33.4,17,3,13,47.1,89.3,No
S0187,43,Female,C103,27,67.4,9,2,6,88.3,77.4,No
S0188,40,Male,C104,20,58.1,6,3,6,70.3,66.2,No
S0189,48,Female,C102,14,33.2,8,3,5,62.8,34.3,No
S0190,31,Male,C102,14,33.9,0,3,9,47.9,100,No
S0191,24,Male,C102,17,45,18,0,10,64.2,89.5,No
S0192,44,Male,C104,29,52,4,4,8,100,100,No
S0193,26,Female,C103,20,18.6,18,2,12,37.8,63.1,No
S0194,32,Male,C101,21,17.1,0,1,8,60.5,45.9,No
S0195,32,Male,C102,17,28.8,14,4,14,96.9,94.9,No
S0196,43,Female,C104,24,40.8,15,0,6,88.7,71.2,No
S0197,27,Male,C104,20,40,22,3,8,61.4,87.6,No
S0198,45,Female,C101,21,45.7,6,1,12,73.1,100,No
S0199,30,Male,C101,16,23,11,2,9,76.9,82.8,No
S0200,36,Female,C104,25,11.8,7,4,2,72,78.3,No
S0201,48,Female,C103,19,43.6,4,5,2,96.8,79.6,Yes
S0202,49,Male,C101,23,26.7,9,4,0,75.1,42.3,No
S0203,24,Male,C104,23,14.8,20,1,4,87,97.2,No
S0204,34,Male,C101,17,36.5,4,0,14,72.7,98.4,Yes
S0205,37,Male,C103,24,42.9,16,2,3,39.5,85.6,No
S0206,46,Other,C102,22,33.8,4,1,1,52.1,44.7,No
S0207,49,Male,C101,17,30.4,21,3,8,55.2,72.6,No
S0208,21,Female,C103,23,33.4,14,2,2,66.3,100,No
S0209,47,Male,C104,23,31.3,12,4,14,100,63.7,No
S0210,22,Female,C101,22,21.5,0,1,7,75.4,98.7,No
S0211,40,Female,C101,25,27.9,10,4,5,68.4,76.1,No
S0212,24,Female,C104,13,40.2,22,4,13,88.6,89.3,No
S0213,30,Female,C102,12,38.2,0,4,12,48.2,66.8,Yes
S0214,32,Male,C104,19,36.7,10,0,4,62.7,76.7,No
S0215,28,Male,C101,18,25,17,4,0,60.4,83.7,No
S0216,46,Other,C104,20,33.2,17,3,3,76,53.3,No
S0217,21,Female,C103,12,13.2,20,3,2,83.4,80.5,No
S0218,30,Other,C104,24,36.8,15,2,0,77.1,21.2,No
S0219,49,Male,C101,10,49.3,12,5,11,77.3,63,No
S0220,24,Female,C104,19,20.3,6,4,14,64.6,85.9,No
S0221,44,Other,C102,16,29.1,0,4,4,74.8,97.4,No
S0222,36,Male,C104,19,38.3,15,1,5,57.4,84.5,Yes
S0223,39,Male,C102,17,47.5,0,0,1,80.1,47.2,Yes
S0224,45,Female,C103,16,30.5,16,5,14,62.5,95.7,No
S0225,19,Female,C102,18,28.1,5,2,13,53.2,52.2,No
S0226,27,Female,C104,20,15.3,1,5,2,70.6,87.3,Yes
S0227,30,Male,C101,21,36,16,4,10,41.3,52.9,No
S0228,47,Female,C102,12,55.4,5,1,13,92.1,59.5,No
S0229,42,Male,C103,16,37.8,13,0,14,82,55.9,Yes
S0230,38,Male,C102,21,34.8,17,2,5,75.1,77.8,No
S0231,23,Male,C102,17,38.2,5,5,3,45.6,71.1,No
S0232,45,Female,C102,17,34.9,9,2,8,59.5,85.2,No
S0233,45,Female,C103,22,26.9,23,4,4,70.6,74.6,No
S0234,29,Female,C104,23,43.2,17,2,3,66.1,44.6,No
S0235,29,Male,C102,10,37.3,8,1,1,44.7,80.5,No
S0236,37,Female,C102,23,35.2,7,2,5,50.3,39.8,No
S0237,47,Male,C101,25,25.2,9,3,9,65.8,57.3,No
S0238,47,Female,C103,16,48,16,1,1,50.8,67.7,No
S0239,28,Male,C102,17,41.6,22,5,11,90.6,66.3,No
S0240,49,Male,C103,18,29.5,5,0,12,77.4,42.1,No
S0241,43,Female,C102,25,45,13,0,6,57.9,100,No
S0242,40,Male,C104,19,30,21,4,2,87.5,100,No
S0243,45,Female,C104,13,27.2,21,4,8,84.5,100,No
S0244,42,Female,C102,20,27.4,5,3,10,74.3,98,No
S0245,24,Male,C104,22,17.3,6,5,4,69.4,67.1,No
S0246,47,Female,C102,23,39.7,11,0,7,65.5,66.7,No
S0247,18,Male,C104,30,16.7,2,0,10,61.9,65.6,Yes
S0248,18,Female,C101,17,22.7,13,0,5,49.9,100,No
S0249,42,Other,C101,24,14.2,21,0,13,92.9,72.7,No
S0250,44,Female,C101,10,34.1,18,2,11,62.2,100,No
S0251,47,Male,C103,31,33.5,22,5,9,70.4,98.8,No
S0252,42,Other,C103,19,31.7,15,1,7,56.3,78.8,No
S0253,37,Female,C101,16,24.6,6,1,12,66.1,46,No
S0254,30,Male,C103,18,23.3,7,3,12,100,73.1,No
S0255,26,Male,C104,24,39.6,17,2,10,59.1,77.9,No
S0256,20,Female,C102,16,29.5,24,0,11,91.7,100,No
S0257,24,Female,C102,20,38.2,12,0,2,69.6,75.4,Yes
S0258,23,Female,C102,16,26.1,20,4,2,80.2,50.8,No
S0259,25,Female,C101,21,36.8,8,4,4,88.7,94.8,No
S0260,44,Female,C103,14,48,9,3,10,74.1,70.4,No
S0261,26,Male,C104,23,40.9,20,0,9,64.7,24.1,No
S0262,47,Male,C104,22,30.9,22,3,2,67.2,81.5,No
S0263,22,Male,C101,23,37.6,8,2,7,67.7,85,No
S0264,18,Female,C104,26,32.6,14,1,9,98,58.1,Yes
S0265,36,Male,C104,18,35.1,19,0,12,47.7,71.2,No
S0266,27,Female,C104,13,31.7,1,5,11,43.4,88.2,Yes
S0267,29,Female,C104,17,33.4,24,2,13,44.4,81.6,No
S0268,41,Female,C103,18,37.1,12,0,7,56.6,43.7,No
S0269,32,Male,C104,14,25.1,1,5,1,80.5,100,No
S0270,44,Female,C102,20,24.8,18,4,11,81.4,100,No
S0271,39,Male,C101,20,21.1,1,3,3,60.9,64.8,No
S0272,49,Female,C103,32,19,2,4,9,69.6,36.8,No
S0273,49,Male,C104,22,22.8,5,1,12,53.3,90.4,No
S0274,41,Male,C103,14,36.6,2,4,0,54.6,61.5,Yes
S0275,26,Female,C104,14,26.1,9,0,3,78.7,85.7,No
S0276,37,Male,C102,24,40.1,23,5,11,85.7,100,No
S0277,34,Male,C101,18,35.3,5,4,12,62.8,44.1,No
S0278,47,Female,C104,25,15.3,22,0,12,94.5,59.1,No
S0279,34,Female,C104,24,41.5,15,1,10,84.5,71.1,No
S0280,43,Female,C104,19,43.1,16,5,12,93.9,100,No
S0281,37,Female,C104,11,25.1,18,4,3,65.5,100,No
S0282,29,Female,C101,16,39.2,2,3,9,92.8,79.9,No
S0283,47,Male,C101,23,26.4,17,3,8,100,42.4,No
S0284,24,Male,C102,29,36,6,5,14,63.8,68.1,No
S0285,19,Male,C101,32,22.4,8,3,2,67.7,59.5,No
S0286,20,Other,C104,18,17.1,19,4,14,55.8,89.4,No
S0287,34,Female,C102,15,31.2,11,4,1,52.8,82.5,No
S0288,22,Male,C102,22,33.8,4,5,8,53,54.2,Yes
S0289,34,Female,C102,21,31,2,4,8,57.8,58.3,No
S0290,41,Other,C104,25,23.2,10,0,0,74.1,67.8,No
S0291,34,Male,C103,18,31,24,1,5,58.5,70.2,No
S0292,44,Female,C104,17,37.7,3,3,9,73.7,74.2,No
S0293,34,Female,C101,28,34.6,4,0,7,74,76,Yes
S0294,19,Female,C101,20,36.8,0,5,2,62.9,99.7,Yes
S0295,19,Male,C104,23,28.3,17,3,10,69.1,67.1,No
S0296,45,Female,C104,14,46.7,11,0,8,62.1,64.1,No
S0297,39,Other,C102,22,23.2,12,4,1,65.3,48.2,No
S0298,40,Female,C104,20,39.9,8,5,5,57.9,70.5,No
S0299,22,Female,C102,20,46.8,1,5,0,71.3,80.1,Yes
S0300,49,Other,C101,12,39.8,4,3,12,61,40.5,No
S0301,18,Female,C102,24,33,12,4,6,52.5,68.2,No
S0302,18,Male,C104,21,29.7,15,3,2,78.9,98.2,No
S0303,36,Female,C101,9,45.4,15,2,6,79.4,88,Yes
S0304,47,Female,C103,19,20.8,23,0,3,86.7,82.5,No
S0305,19,Male,C102,25,25.3,2,2,8,54.6,87.4,Yes
S0306,38,Female,C101,31,31,21,0,4,62.8,63.5,Yes
S0307,29,Other,C102,21,47.4,3,1,2,73.5,60.9,No
S0308,43,Other,C101,19,38.8,10,5,14,62.5,100,No
S0309,49,Female,C101,12,25.3,22,3,7,78.6,91.6,No
S0310,23,Male,C102,24,31.9,13,1,5,77.5,60.1,No
S0311,49,Other,C103,20,28.9,2,1,1,77.2,37.4,Yes
S0312,40,Female,C101,16,27.9,15,5,2,91.9,60.5,No
S0313,21,Male,C101,22,44.8,21,5,7,79.7,85.9,No
S0314,40,Other,C101,21,21.3,14,0,14,72.3,61.8,No
S0315,28,Female,C103,20,51.1,9,2,9,67.1,81.6,No
S0316,41,Female,C103,28,43.3,8,4,6,68.1,100,No
S0317,44,Female,C104,22,45.9,10,0,9,54,73.1,Yes
S0318,34,Male,C102,17,30.4,15,4,5,43.5,79.7,Yes
S0319,48,Male,C103,23,33.5,9,1,13,77,88.7,No
S0320,23,Male,C102,19,20.7,16,4,0,88.4,53.4,No
S0321,41,Female,C104,20,29.8,18,2,8,65,59.5,No
S0322,22,Male,C102,14,39.9,1,0,2,93.8,89.5,No
S0323,37,Male,C103,19,48,23,5,13,67.4,75.7,No
S0324,19,Male,C102,24,23.9,22,2,4,40.7,77.4,No
S0325,23,Female,C103,18,31.3,1,2,6,83.8,75.7,No
S0326,39,Other,C102,21,33.5,5,0,14,62.8,94.6,No
S0327,28,Male,C103,24,21,18,5,6,85.1,83.7,No
S0328,48,Male,C103,21,40.9,7,2,2,50.8,84,No
S0329,33,Female,C102,22,27.8,2,5,14,76.2,99.4,No
S0330,33,Female,C104,13,33,13,3,3,58,100,No
S0331,18,Male,C101,16,30.5,24,3,9,73,100,No
S0332,26,Female,C104,8,27.1,15,3,6,81.5,63.4,No
S0333,45,Male,C102,26,34.9,0,4,7,78,100,Yes
S0334,44,Male,C104,30,32.8,20,2,1,71,53.1,No
S0335,23,Female,C103,19,31.3,2,0,8,49.3,100,Yes
S0336,33,Male,C101,20,27.7,21,0,6,81,62.3,No
S0337,46,Other,C102,17,38.2,17,4,12,85.5,73.6,No
S0338,20,Male,C102,27,51.5,8,0,7,54.4,75.4,No
S0339,37,Female,C102,24,36.4,5,3,5,56.6,57.7,No
S0340,45,Female,C101,20,45,22,2,5,86.1,76.7,No
S0341,44,Male,C103,21,21.1,20,0,8,66.9,58.7,No
S0342,21,Female,C102,18,36.6,24,0,3,56.9,50.3,No
S0343,36,Male,C104,16,24,0,1,10,74.1,74.2,No
S0344,43,Other,C102,20,20.2,20,1,10,60.4,100,No
S0345,20,Male,C102,18,27.6,9,1,4,72.4,69.9,No
S0346,48,Male,C102,24,46.9,5,2,8,63.8,93.8,No
S0347,36,Male,C102,15,44.5,22,3,0,65.1,58.1,No
S0348,37,Other,C103,20,37.4,11,5,3,86.7,49.3,No
S0349,49,Female,C104,19,19.7,3,3,6,33,84.1,No
S0350,24,Female,C103,14,33,12,3,10,78.3,100,No
S0351,37,Male,C104,20,38,16,2,14,84.2,79.2,No
S0352,26,Female,C102,34,36.8,7,2,8,60.7,91.5,No
S0353,18,Male,C101,17,16.6,19,1,14,84.1,100,Yes
S0354,25,Female,C103,16,26.1,2,0,13,55.6,74.3,No
S0355,49,Male,C101,16,34.4,11,4,12,60.1,72,No
S0356,24,Male,C103,23,40.4,6,4,10,58.4,84.4,No
S0357,35,Male,C102,19,13,11,5,11,84.3,88,No
S0358,25,Female,C103,18,33.4,1,0,12,43.8,47,Yes
S0359,18,Female,C102,25,36.4,23,5,9,94.6,80.9,No
S0360,28,Male,C103,18,43.5,13,1,5,65.4,75,No
S0361,45,Female,C102,24,41.9,21,5,11,79.2,59.2,No
S0362,42,Female,C102,21,40.8,22,0,7,77.9,73.6,No
S0363,42,Female,C104,12,27,4,0,12,72.3,51.7,No
S0364,35,Male,C102,23,15.9,8,4,8,61,44.8,No
S0365,40,Male,C104,24,31.1,20,1,9,88.6,76.3,No
S0366,48,Female,C102,30,45,10,2,3,62.3,93,No
S0367,47,Male,C101,17,48.9,4,5,0,59,68.1,No
S0368,27,Male,C102,17,42.1,2,4,13,83.2,55.8,Yes
S0369,20,Female,C101,24,39.3,16,5,7,72.2,58.9,No
S0370,24,Other,C101,20,38.8,1,5,1,90.4,86,No
S0371,45,Male,C102,18,29.4,23,2,10,69.1,100,No
S0372,33,Male,C101,25,33.7,0,1,0,60.2,90.4,Yes
S0373,43,Female,C104,23,51.7,6,0,12,74.1,100,Yes
S0374,33,Male,C103,28,25.6,13,3,6,63.3,54,No
S0375,42,Male,C102,17,51.1,4,5,11,60.7,73.5,No
S0376,37,Male,C101,15,31.8,18,3,9,82.5,95.4,No
S0377,45,Female,C102,23,48.3,10,1,8,97.5,47,No
S0378,34,Female,C104,30,20.9,22,3,10,66.3,61.8,No
S0379,19,Male,C102,18,40.9,24,5,14,55.4,93.8,No
S0380,18,Male,C102,24,27.6,1,2,11,67.7,80.2,No
S0381,33,Male,C101,18,20.8,7,3,11,77.7,55.7,No
S0382,47,Female,C104,25,37.2,8,1,8,73.9,42.4,No
S0383,29,Male,C103,19,45.1,2,1,2,87.9,100,Yes
S0384,22,Male,C103,15,26.6,1,2,5,80,33.9,No
S0385,22,Female,C101,21,20,6,3,6,53.4,87.6,No
S0386,49,Male,C102,15,34.1,4,3,13,62.6,64.3,Yes
S0387,44,Female,C101,17,34.1,20,0,9,49.3,95.9,No
S0388,40,Male,C101,22,40.5,4,4,8,87.2,54.2,No
S0389,26,Male,C101,16,44.5,19,1,14,40.1,100,No
S0390,26,Male,C102,21,34.4,12,0,1,50.8,83,No
S0391,20,Female,C104,27,53.6,20,1,7,62.3,86.3,Yes
S0392,36,Female,C101,22,37.2,19,0,13,78.5,59.5,Yes
S0393,33,Female,C102,21,31.5,5,4,6,62.2,72.3,No
S0394,33,Male,C104,17,18.9,19,0,3,64.5,72.9,No
S0395,20,Female,C101,22,32.4,17,1,1,64.8,100,No
S0396,37,Male,C103,23,31.6,24,3,7,72.6,83,No
S0397,41,Male,C104,12,44.6,1,1,10,51.7,85.9,Yes
S0398,39,Female,C101,17,39.6,24,5,4,55.8,85.7,No
S0399,41,Male,C104,22,23.2,5,2,5,95.2,87.6,No
S0400,18,Male,C104,11,36.7,8,2,13,76,47.2,No
S0401,41,Male,C104,29,41.7,24,5,10,81.4,100,No
S0402,37,Male,C104,22,50.3,2,2,6,70.9,57.5,Yes
S0403,28,Male,C104,16,43.9,0,2,14,67.9,74.2,No
S0404,34,Female,C104,23,42.6,0,4,14,76.9,100,Yes
S0405,25,Male,C101,17,35.6,18,3,9,80.9,100,No
S0406,21,Female,C103,11,38.9,4,3,0,82.7,91.1,No
S0407,23,Female,C102,14,47.5,12,1,7,68.1,64.9,Yes
S0408,25,Male,C104,23,21.7,18,5,3,84.3,77.6,No
S0409,37,Male,C102,19,31.5,11,0,12,33,78.3,No
S0410,47,Male,C101,19,27.3,15,1,8,83.4,79,Yes
S0411,20,Female,C104,16,38.8,24,1,0,63.6,50.4,Yes
S0412,33,Male,C103,17,47.3,24,1,10,78.3,100,No
S0413,47,Female,C102,21,29,18,1,1,60.3,77.7,No
S0414,42,Male,C104,17,11.1,2,3,13,50.1,60.6,No
S0415,20,Female,C101,21,30.9,11,0,5,75.1,65,No
S0416,42,Male,C103,22,44.1,4,1,10,47.5,80.4,Yes
S0417,46,Male,C102,16,40.4,1,3,9,64,46.9,No
S0418,35,Other,C102,23,39.3,21,1,10,57.8,92.6,No
S0419,49,Female,C104,17,32.2,6,2,13,67.4,79.7,No
S0420,31,Male,C103,21,22.2,12,1,0,82,100,No
S0421,35,Female,C103,30,40.2,24,5,3,62.7,76.6,No
S0422,19,Female,C103,16,26.7,14,5,7,74.7,53.3,No
S0423,39,Female,C103,23,56.8,21,1,14,81.1,51,No
S0424,20,Female,C101,19,40.7,2,4,9,60.9,67.2,Yes
S0425,33,Male,C103,21,29.2,20,2,4,61.1,69.3,No
S0426,46,Male,C102,19,28.9,19,0,12,90.5,63.7,No
S0427,26,Male,C102,15,34.1,4,1,8,68.8,77.6,No
S0428,21,Female,C101,36,32.6,23,0,10,77.6,63.1,No
S0429,18,Female,C102,13,46.2,7,2,10,77.5,80.1,No
S0430,21,Male,C102,27,36.9,21,1,5,52,64.6,No
S0431,18,Male,C103,17,27.7,0,4,0,58.6,87.6,No
S0432,31,Female,C102,23,53.9,7,3,5,75.6,68.8,No
S0433,38,Other,C101,21,35.5,23,4,5,39,99.9,No
S0434,33,Female,C103,22,42.7,17,4,12,66.8,88,No
S0435,37,Male,C104,23,28.9,19,3,5,57,78.9,No
S0436,41,Male,C103,16,38.6,15,3,7,86.7,70.8,No
S0437,49,Male,C101,23,38.1,17,5,14,75.2,44.6,No
S0438,25,Other,C103,16,16.1,19,3,5,87.9,100,No
S0439,24,Male,C103,17,55.2,11,1,4,69.4,61.4,No
S0440,20,Female,C101,11,47.9,12,0,14,68.3,76.8,No
S0441,34,Male,C103,23,31,12,5,10,65.4,81.9,No
S0442,49,Female,C101,22,24,9,5,1,62.5,71.3,No
S0443,18,Female,C101,24,38.5,6,0,3,100,100,No
S0444,33,Female,C104,28,35.9,24,5,13,82.1,50.6,No
S0445,29,Male,C102,16,38.6,13,3,14,54,100,No
S0446,44,Male,C102,23,36.9,23,4,9,100,88.4,No
S0447,36,Male,C103,20,40.1,15,2,4,63.9,70.1,No
S0448,39,Other,C103,18,49.5,14,3,9,74.8,70.3,No
S0449,40,Female,C104,21,40.7,11,4,3,84.1,30.7,No
S0450,39,Female,C104,17,24.5,8,4,1,46.9,58,No
S0451,31,Female,C104,27,48.6,7,5,6,57.6,67.9,No
S0452,47,Female,C101,24,51.4,17,1,9,94.7,78.5,No
S0453,23,Male,C104,22,66.5,22,1,9,66.6,100,No
S0454,23,Other,C104,23,23.8,17,5,1,85,100,No
S0455,30,Male,C103,19,37.4,12,5,0,63.2,80.4,No
S0456,36,Male,C104,29,14.2,17,0,13,68.6,79.1,No
S0457,39,Female,C101,25,40.5,14,0,4,96.8,65.2,Yes
S0458,25,Male,C101,19,29.5,3,2,11,76.6,40.7,No
S0459,44,Male,C103,17,54.2,16,2,12,64.8,62.9,No
S0460,44,Female,C104,11,27.3,4,2,0,59.7,70.9,No
S0461,19,Male,C104,28,18.1,21,2,0,61.1,94.5,No
S0462,38,Female,C101,24,30.3,15,4,14,88.6,85.4,No
S0463,47,Male,C104,22,15.2,8,4,0,81.5,79.4,No
S0464,18,Male,C104,15,42.5,9,0,5,52.8,63.4,No
S0465,45,Male,C104,12,14.3,23,1,8,71.3,35.4,No
S0466,32,Male,C102,22,35.3,17,5,9,69,36.6,No
S0467,49,Female,C103,25,14.2,16,1,12,74.7,41.7,No
S0468,18,Male,C102,13,31.8,17,3,10,60.9,69.2,No
S0469,22,Female,C103,17,51.4,6,4,11,86.5,94.9,No
S0470,45,Female,C101,20,38.6,3,2,0,70,94.3,Yes
S0471,46,Female,C104,18,26.4,4,2,4,75.6,90.9,Yes
S0472,33,Other,C103,30,34.7,22,3,14,58.2,64.7,No
S0473,36,Female,C102,18,35.2,15,1,8,59,97.9,Yes
S0474,21,Male,C104,13,39.7,2,2,13,100,56.4,No
S0475,20,Male,C101,21,21.3,17,1,8,97,92.1,No
S0476,49,Male,C103,22,40.9,22,5,0,69,41.5,No
S0477,34,Female,C103,19,8,20,3,7,93,51.5,No
S0478,49,Male,C103,15,28.7,13,1,0,88.2,100,No
S0479,34,Female,C104,15,30.1,14,5,14,60.6,70.9,No
S0480,29,Female,C102,16,41.3,16,1,7,59.1,61.4,No
S0481,45,Male,C102,15,35.2,0,1,0,80,97.1,Yes
S0482,47,Female,C103,23,20.9,24,2,11,73.9,99.3,No
S0483,46,Male,C101,20,25.2,20,0,4,64,66.3,No
S0484,31,Male,C101,12,37,16,4,7,80.8,80.6,No
S0485,38,Female,C102,16,34.2,22,1,5,48.4,77.7,No
S0486,23,Female,C101,13,29.2,24,1,8,71.7,18.5,No
S0487,20,Female,C102,20,30.2,10,1,0,51.4,47.1,No
S0488,45,Male,C103,16,42,16,0,8,51.9,93.8,No
S0489,26,Male,C102,18,29.8,13,5,0,59.4,58.3,No
S0490,22,Female,C102,22,34.1,19,3,9,75.4,85.6,No
S0491,41,Female,C103,19,56.7,18,2,9,59.9,80.3,No
S0492,46,Female,C101,20,20.8,20,0,2,51.7,99.3,No
S0493,34,Male,C102,23,16.5,6,5,0,77.2,47.7,No
S0494,31,Female,C102,20,42.8,23,1,2,92.4,82.9,No
S0495,38,Male,C103,26,28.2,12,5,11,79.6,73.7,No
S0496,48,Male,C101,20,31.8,17,0,10,97,59.2,No
S0497,20,Other,C102,21,27.2,22,0,12,91.1,59.1,No
S0498,45,Male,C103,18,32.4,13,0,1,62.7,79.5,No
S0499,18,Other,C102,23,51,0,3,1,79.5,87.6,No
S0500,37,Male,C104,18,43,6,4,8,68.6,76.3,No
S0501,48,Male,C103,16,43.6,7,2,7,85.9,76.9,No
S0502,46,Female,C101,19,20.8,17,3,0,68.6,65,No
S0503,38,Female,C101,24,23.5,8,3,11,58.2,66.4,No
S0504,49,Female,C101,20,6.6,0,4,13,90.6,59.2,No
S0505,40,Female,C101,22,26.9,21,3,3,74.8,64.6,No
S0506,18,Female,C102,16,44.6,16,0,12,60,86.9,No
S0507,49,Female,C102,23,40.2,18,0,0,62.5,89.1,No
S0508,20,Female,C101,25,32.8,5,5,0,60,49.5,No
S0509,49,Male,C101,18,34.8,2,1,11,55,57.1,No
S0510,35,Female,C101,19,28.1,23,3,11,62.8,60.8,No
S0511,42,Male,C102,19,37,4,1,3,75.6,73.7,No
S0512,27,Other,C101,18,42.7,1,2,1,71,41.3,No
S0513,48,Other,C101,27,18.8,19,0,2,63.4,57.4,No
S0514,39,Male,C104,18,38,24,5,10,92.4,47.3,No
S0515,43,Female,C104,33,44.3,3,2,8,39.8,83,No
S0516,20,Other,C101,22,30.8,9,5,1,74.6,74.4,No
S0517,25,Male,C103,18,42,9,4,3,67.9,65.7,No
S0518,31,Female,C101,21,63.1,23,0,0,55.4,53.7,No
S0519,41,Other,C104,16,34,20,2,1,75.5,66.1,No
S0520,35,Male,C103,18,38.9,10,4,4,66.7,63.7,No
S0521,49,Female,C103,18,27.6,15,2,13,88.7,100,No
S0522,32,Male,C101,23,36.8,16,5,9,83,94.9,No
S0523,39,Other,C104,23,39.6,15,4,14,98.6,61.2,No
S0524,40,Other,C104,16,36.9,6,4,0,62.8,78.3,No
S0525,19,Other,C103,20,24.8,15,0,10,90.9,93.9,No
S0526,48,Female,C101,24,37.1,2,1,6,52.5,61.2,No
S0527,44,Female,C102,21,49.6,15,5,3,68.3,46.7,No
S0528,27,Female,C102,24,39.5,7,5,5,63,39.1,No
S0529,19,Male,C104,24,44.6,11,4,7,79,100,No
S0530,43,Female,C102,24,32.6,2,4,12,78.7,71.2,Yes
S0531,34,Male,C104,14,42.5,16,0,5,56.5,80.8,No
S0532,25,Female,C104,22,37.8,20,1,13,79.9,63.5,Yes
S0533,18,Male,C104,15,25.5,17,5,1,64.3,49.6,No
S0534,26,Male,C102,26,38.2,10,3,0,57.7,53.4,No
S0535,28,Male,C104,27,25.1,3,3,7,69.8,48.2,No
S0536,39,Female,C103,21,28.7,15,1,7,47.8,92,Yes
S0537,33,Male,C101,26,36.9,16,2,8,84,100,No
S0538,24,Female,C101,22,38,8,0,5,69.2,75.7,No
S0539,46,Male,C104,20,23.1,5,1,11,69.5,44.6,No
S0540,27,Male,C101,17,45.5,23,3,0,68.7,84.9,No
S0541,40,Female,C102,17,40.7,19,4,13,94.7,100,No
S0542,43,Female,C102,16,28,24,3,8,92.8,94.4,No
S0543,20,Male,C101,27,19.6,1,4,11,90.3,74.4,No
S0544,35,Female,C102,15,33.6,8,0,12,68.7,70.3,No
S0545,42,Female,C101,23,30.5,20,4,14,53.3,74.3,No
S0546,41,Female,C101,25,36.1,5,1,13,69.8,99.5,Yes
S0547,30,Male,C101,24,31.4,2,4,2,74.7,90.2,No
S0548,45,Male,C104,23,14.9,19,2,10,82.2,67.3,No
S0549,43,Female,C101,29,31.1,5,1,5,74.7,66.8,Yes
S0550,24,Male,C104,18,31.9,6,0,9,54.6,65.4,Yes
S0551,42,Female,C101,15,41.3,0,1,12,62,53.7,Yes
S0552,21,Female,C101,16,28,22,2,9,60.6,100,No
S0553,30,Other,C101,17,51.8,0,0,14,78.1,59.2,Yes
S0554,37,Female,C102,24,15.9,4,3,10,78.5,84.8,No
S0555,18,Other,C104,13,48.1,5,2,11,80.4,61.8,No
S0556,25,Male,C104,18,32.8,12,0,13,74.5,65.5,No
S0557,49,Female,C101,16,43.6,1,4,14,39.1,72.7,No
S0558,31,Male,C101,26,35.8,14,1,8,44.1,85.9,Yes
S0559,33,Female,C102,16,46.4,14,0,10,67.9,69.8,No
S0560,31,Female,C102,11,31.1,12,1,12,71.5,52.2,No
S0561,29,Female,C102,23,24,24,4,2,88.8,75.4,No
S0562,36,Other,C104,16,49.2,13,0,4,71.2,59.7,Yes
S0563,40,Female,C104,19,33.9,21,3,12,55.4,100,No
S0564,32,Male,C104,24,37.2,6,2,13,79.9,69.8,No
S0565,45,Male,C101,17,47.3,13,0,4,69.7,61.6,No
S0566,19,Female,C104,16,24.7,23,4,9,64,100,No
S0567,19,Male,C103,24,41,9,0,6,45.8,89.8,No
S0568,49,Male,C103,24,29.1,16,1,3,71.3,57.1,No
S0569,40,Male,C102,25,33.7,13,5,10,73.4,59.2,No
S0570,48,Male,C104,21,35.7,7,0,3,55.1,84.5,No
S0571,39,Male,C103,26,20,3,3,6,81.2,75.9,Yes
S0572,36,Male,C102,24,27.2,15,0,8,79.8,92.8,No
S0573,42,Male,C104,23,48.5,23,2,14,70.7,61.7,No
S0574,43,Male,C101,16,43.9,12,0,10,70.2,89,No
S0575,48,Other,C103,18,34.4,21,5,3,84.2,30.2,No
S0576,47,Male,C101,24,37.4,24,1,3,75.5,71.9,No
S0577,46,Male,C104,21,32.1,19,0,5,59.5,62.7,No
S0578,39,Female,C103,19,48.6,17,3,5,67,65.9,No
S0579,43,Male,C104,22,33,13,4,6,78.4,72.9,No
S0580,43,Other,C101,29,37.3,17,0,14,39.5,97.8,Yes
S0581,39,Female,C103,20,46.5,4,0,0,56,51.9,No
S0582,34,Male,C101,23,27.2,8,2,12,80.2,31.2,No
S0583,37,Male,C104,17,50.6,2,3,10,88.1,54.2,No
S0584,27,Female,C104,22,19.7,7,5,13,85.3,95.4,No
S0585,23,Other,C101,15,51.3,19,4,2,83.4,42.1,No
S0586,32,Female,C103,19,31.3,21,1,8,71.9,63.6,No
S0587,39,Female,C101,25,32.6,9,0,5,54.6,91.8,Yes
S0588,28,Male,C104,21,16.1,21,5,5,67.1,73.8,No
S0589,45,Other,C101,31,30.5,18,4,4,40.1,97.6,No
S0590,22,Male,C104,20,24.6,20,1,10,89.5,34.3,No
S0591,18,Other,C101,15,28.9,2,5,2,57.7,68.6,Yes
S0592,25,Female,C103,17,33.6,10,3,10,62,100,No
S0593,38,Female,C103,21,44.6,10,3,4,85.9,52.5,No
S0594,45,Female,C101,18,37.1,16,4,13,45.8,95.7,No
S0595,29,Male,C101,12,38.1,15,1,0,52.2,70.3,Yes
S0596,29,Male,C103,22,24,6,3,2,74,83.7,No
S0597,22,Male,C104,15,26.2,3,4,3,77.8,100,Yes
S0598,24,Male,C103,17,53,22,3,4,68.9,83.6,No
S0599,21,Female,C104,27,27.6,18,3,9,69.4,63.2,No
S0600,23,Male,C101,25,51.6,11,5,8,89,86.2,No
S0601,30,Male,C101,18,32.6,14,5,3,79.5,61.8,No
S0602,49,Other,C104,12,35,10,3,2,77.5,80.5,No
S0603,37,Female,C101,12,45.7,4,2,9,81.6,50,Yes
S0604,47,Other,C104,16,47.7,4,5,0,65.5,75.6,No
S0605,32,Other,C102,17,33.9,14,1,12,100,98.8,Yes
S0606,20,Male,C103,15,31.1,17,4,9,35.4,69,No
S0607,40,Male,C102,17,34.4,10,4,5,91.9,96.9,No
S0608,25,Female,C104,18,38.4,11,1,6,83.5,100,Yes
S0609,37,Female,C103,16,43.9,1,1,9,73.7,74.4,Yes
S0610,33,Male,C104,16,35,19,1,14,71.2,87.3,No
S0611,30,Female,C103,22,41.2,14,1,7,67.7,84.5,No
S0612,35,Male,C103,16,51.4,19,0,11,86.6,79.5,No
S0613,45,Male,C103,14,38.8,3,4,0,69.4,90.8,Yes
S0614,27,Female,C103,26,38.1,21,0,11,59.1,70,No
S0615,47,Female,C104,12,19.8,17,3,3,83.5,61.7,No
S0616,36,Female,C103,17,8.7,5,3,10,93.8,44.5,No
S0617,34,Male,C103,24,38.9,22,4,4,41.1,68.1,No
S0618,41,Female,C102,21,34.1,18,3,1,100,93,No
S0619,48,Male,C101,14,29.9,10,1,0,54.4,56.2,No
S0620,36,Male,C101,17,37.4,23,0,7,55.6,79.9,No
S0621,45,Female,C102,12,34.4,1,1,5,51.3,72.5,No
S0622,43,Other,C102,17,46.3,7,3,4,70,62.6,No
S0623,40,Female,C104,11,35.9,10,5,12,50.8,37.9,No
S0624,43,Female,C104,19,27.5,4,0,8,52.6,100,Yes
S0625,22,Female,C104,21,44.9,17,1,12,59.7,85.3,No
S0626,43,Female,C102,17,32.8,22,4,10,72.1,100,No
S0627,38,Male,C102,26,40.3,17,1,12,73.5,96.6,Yes
S0628,47,Male,C103,15,30.2,13,5,10,88.6,100,No
S0629,40,Male,C104,23,28.5,21,3,1,88.3,40,No
S0630,48,Male,C104,20,35.8,9,0,9,85.4,39.7,No
S0631,26,Female,C104,18,35.1,2,4,11,66.1,75.8,No
S0632,29,Female,C101,19,39.8,8,0,7,42.4,52,No
S0633,38,Male,C103,19,32.3,2,4,10,42.1,61.4,Yes
S0634,18,Male,C104,14,16.6,10,0,13,85.3,100,No
S0635,43,Female,C104,30,30.7,11,3,9,82.7,98.8,No
S0636,43,Male,C104,21,42.9,11,4,12,60.7,56.3,No
S0637,18,Female,C101,20,32,2,2,8,48.4,27.7,No
S0638,32,Female,C101,16,32.5,20,0,0,54.3,54.6,No
S0639,19,Female,C102,18,44.9,6,0,6,72.6,63.9,No
S0640,49,Female,C103,14,27.9,13,1,7,72.6,68.6,No
S0641,47,Female,C102,15,19.6,23,4,2,85.6,49.4,No
S0642,39,Male,C103,16,33.4,10,5,13,63.2,97.6,No
S0643,33,Female,C101,25,30.2,6,2,3,66.3,60.8,No
S0644,42,Female,C104,21,25.3,24,3,12,86.9,88,No
S0645,25,Male,C102,18,33.2,20,1,2,38.1,76.1,No
S0646,30,Female,C104,18,39.9,9,2,6,74.8,93.8,No
S0647,38,Female,C102,21,34.9,10,4,8,65,70.2,No
S0648,18,Female,C101,24,38.1,14,2,2,80.7,56.5,No
S0649,33,Female,C101,22,53.1,18,0,12,77.7,63,No
S0650,46,Female,C101,16,31.6,15,0,5,59.6,63.3,No
S0651,24,Female,C102,16,37.8,21,1,7,62.4,100,No
S0652,49,Female,C103,24,29.9,20,4,5,35.5,76.5,No
S0653,48,Female,C102,23,26.5,19,4,1,81.2,75.1,No
S0654,22,Female,C103,19,29.2,11,2,12,73.6,92.6,No
S0655,39,Female,C102,13,30.2,17,1,6,91,75,Yes
S0656,46,Female,C102,28,38.6,22,4,1,64,97.4,No
S0657,40,Male,C101,17,58.5,12,5,1,83.7,67.6,No
S0658,20,Female,C104,20,27.8,4,5,1,54,65.5,No
S0659,29,Female,C104,24,30.8,3,0,10,29.4,55.4,No
S0660,43,Male,C103,20,34.4,13,2,14,68.6,100,No
S0661,33,Female,C104,24,39,7,3,0,61.5,73.6,No
S0662,36,Male,C102,25,37.6,8,0,13,54.2,51.5,No
S0663,22,Male,C102,18,47.8,24,1,10,83.5,78.9,No
S0664,39,Female,C101,21,10.7,18,4,0,88.1,62,No
S0665,42,Male,C101,20,11.1,2,0,13,71.6,67.2,No
S0666,46,Female,C104,10,30,4,3,6,67.3,81.2,Yes
S0667,31,Female,C103,21,46,20,3,14,70.9,100,No
S0668,45,Female,C104,25,19.3,17,5,12,60.2,77,No
S0669,22,Male,C104,16,5,0,1,13,78.4,60.8,No
S0670,32,Male,C104,23,40.7,7,0,13,46.9,64.9,Yes
S0671,34,Female,C104,21,37.4,18,2,14,53.9,88.1,No
S0672,47,Other,C102,15,24.1,16,0,13,58.1,35.8,Yes
S0673,31,Female,C103,24,25.1,16,5,11,78.1,54.1,No
S0674,47,Male,C102,23,25.3,10,3,4,65.5,79.3,No
S0675,37,Female,C103,24,36.1,1,1,10,90.4,40.9,No
S0676,22,Female,C101,22,28.7,5,1,2,82,68.7,No
S0677,29,Female,C104,28,39.9,21,2,0,58,65.4,No
S0678,33,Male,C102,11,6.5,13,1,10,79.5,92.5,Yes
S0679,43,Female,C103,25,26.4,2,5,9,63.9,70,No
S0680,43,Female,C101,24,23.7,11,5,5,77.1,98.7,No
S0681,33,Other,C101,18,32.4,3,5,10,82.8,76.6,Yes
S0682,38,Male,C104,31,29.6,11,1,0,86.7,100,No
S0683,24,Female,C103,28,43,12,1,8,73,47.3,No
S0684,21,Other,C102,21,16.4,1,5,1,94,100,No
S0685,18,Male,C104,17,35.5,1,1,0,76.6,66.8,Yes
S0686,47,Other,C102,23,40.6,14,1,14,72,100,No
S0687,47,Female,C101,23,53.6,22,3,11,65.5,98.7,No
S0688,22,Male,C102,18,30.2,16,0,6,60.5,18,No
S0689,40,Male,C102,19,38.2,6,4,5,76.3,84.6,No
S0690,43,Female,C104,18,17,13,1,5,71.5,95,No
S0691,27,Male,C102,29,11.1,11,4,13,73.9,100,No
S0692,39,Female,C104,18,43.4,16,4,4,77.2,51.5,No
S0693,22,Male,C101,11,34.9,13,3,10,73.8,86.8,No
S0694,21,Female,C104,15,46.8,5,1,3,100,78.9,Yes
S0695,19,Male,C104,19,21.3,18,5,10,62.1,83.6,No
S0696,37,Female,C103,16,40.2,23,4,3,76.5,95,No
S0697,48,Other,C102,22,53.7,5,1,2,66.6,98.1,No
S0698,27,Other,C101,24,39.2,17,2,9,33.1,61.9,No
S0699,43,Female,C104,24,37.8,23,5,7,67.1,80.3,No
S0700,36,Male,C101,22,35.1,4,2,6,56,75.8,No
S0701,43,Female,C103,19,19.3,23,2,8,69,70.2,No
S0702,49,Male,C102,17,48.6,23,4,0,69.6,72.1,No
S0703,18,Male,C104,17,28.9,5,2,6,75.8,78.9,No
S0704,41,Male,C102,15,40,1,3,9,62,63,Yes
S0705,22,Female,C103,19,19.4,7,3,3,63.9,92.7,No
S0706,30,Female,C103,14,23.2,14,4,6,80.5,100,No
S0707,21,Female,C101,20,49.4,14,1,12,57.9,58.6,No
S0708,33,Male,C104,20,31.5,10,0,11,42.4,100,No
S0709,41,Male,C101,21,49.5,21,1,0,72.4,58.6,No
S0710,33,Other,C103,15,34.2,21,1,4,86.1,93,No
S0711,40,Male,C102,21,16.6,23,1,2,80.3,100,Yes
S0712,19,Female,C101,18,43.9,0,1,4,72.6,73.1,No
S0713,34,Male,C101,25,29.1,17,5,3,88.8,58.8,No
S0714,45,Female,C102,19,42,11,0,1,86.2,63.2,No
S0715,49,Female,C101,24,35.3,11,5,10,65,82.2,No
S0716,49,Male,C102,21,19.6,24,2,3,73.7,100,No
S0717,44,Male,C104,16,36.6,10,1,2,74.4,41.1,No
S0718,37,Female,C102,21,57,7,3,12,68.7,77,No
S0719,41,Female,C104,20,39.9,6,4,0,87,73.2,No
S0720,29,Male,C102,15,34.4,22,4,11,67.7,65.9,No
S0721,35,Other,C103,19,45.8,20,5,9,62.5,73.4,No
S0722,20,Male,C103,10,37.1,1,5,7,31.1,64.2,No
S0723,45,Male,C104,23,37.1,10,3,14,58,99.9,No
S0724,18,Other,C104,16,24.1,21,1,4,50.3,100,No
S0725,18,Male,C103,16,37.3,9,0,3,69.4,76.8,No
S0726,46,Female,C104,18,45.4,2,2,9,51.2,72.2,No
S0727,36,Male,C102,25,26.6,19,4,11,79.1,65.1,No
S0728,28,Male,C102,18,49.2,9,2,4,86.6,76.8,No
S0729,22,Other,C103,24,34.1,17,0,3,69.5,100,Yes
S0730,29,Male,C101,16,26.1,13,5,2,55.2,72.9,No
S0731,20,Female,C102,19,45,17,4,4,74.3,58.2,No
S0732,18,Male,C104,25,32.1,23,2,3,98.4,67,No
S0733,18,Male,C101,18,42.6,7,5,14,93.7,90.1,No
S0734,25,Male,C101,25,32.1,9,0,0,48.9,60.6,No
S0735,27,Female,C102,19,34.4,21,2,11,48.4,74.3,No
S0736,28,Male,C102,28,39.9,12,1,2,44.5,84.5,No
S0737,29,Female,C101,28,37.9,20,5,9,52.9,62.2,No
S0738,46,Female,C101,20,15,7,0,14,73.8,39.7,No
S0739,30,Other,C103,20,23.8,3,2,9,61.6,53.6,Yes
S0740,29,Male,C104,15,44.3,3,1,7,57.4,57.8,Yes
S0741,48,Female,C103,23,33.7,4,1,6,85.6,70.4,No
S0742,31,Female,C102,19,29.8,0,0,1,78,75.9,No
S0743,19,Female,C103,22,21.4,16,3,0,44.4,91.5,No
S0744,46,Female,C103,18,24.2,1,4,2,84.7,50.5,No
S0745,36,Female,C103,19,14.8,7,0,4,77.6,88.6,No
S0746,35,Female,C103,25,34,6,1,9,77.9,67.6,No
S0747,20,Male,C104,18,29,14,1,14,61.4,39.3,Yes
S0748,40,Male,C104,13,25.3,24,0,10,67.2,75.3,No
S0749,34,Other,C101,19,34.3,4,3,11,40.4,100,No
S0750,43,Female,C102,22,38.6,1,4,0,83,92.7,No
S0751,25,Female,C103,19,55.9,6,2,2,55,73.5,No
S0752,46,Female,C101,15,19.9,7,0,2,56.9,97.5,No
S0753,43,Male,C101,21,46.6,6,4,4,56.7,78.8,No
S0754,27,Male,C101,20,44.7,6,4,2,97,94.6,No
S0755,43,Female,C104,31,27.2,13,5,12,60,41.8,No
S0756,47,Male,C103,27,37,20,1,8,84.1,50,No
S0757,19,Male,C103,22,30.4,17,2,0,69.6,89.6,No
S0758,36,Female,C102,24,36.9,5,0,3,57.6,100,Yes
S0759,26,Male,C103,22,50.1,3,1,12,54.8,83.3,Yes
S0760,24,Female,C103,23,41.1,9,5,12,60.6,65.1,No
S0761,21,Male,C101,20,40.1,17,5,9,68.9,58,No
S0762,43,Female,C102,19,30.7,11,1,9,79,68.7,No
S0763,38,Male,C103,27,20.2,15,3,3,62.9,99.3,No
S0764,35,Female,C104,25,32.9,24,4,0,62.4,68.1,No
S0765,30,Male,C103,20,47.1,6,0,13,56.8,96,No
S0766,28,Male,C101,21,19.7,5,0,1,52.1,88.1,Yes
S0767,46,Male,C104,9,24.4,4,0,10,50.8,100,Yes
S0768,41,Female,C101,32,36.3,2,1,0,84.8,79,No
S0769,21,Female,C103,23,25.2,11,3,5,62.1,74,No
S0770,42,Male,C104,22,27.1,14,2,2,63.4,97,No
S0771,38,Female,C102,30,30.8,9,5,6,60,56.3,No
S0772,46,Female,C102,24,21.3,19,1,4,65.2,66.1,Yes
S0773,42,Female,C104,21,25.3,18,2,8,75.6,41.4,No
S0774,21,Male,C104,23,42,15,5,6,62.7,49.9,No
S0775,27,Female,C101,29,21.9,10,5,3,72.7,100,No
S0776,22,Male,C104,22,19,7,3,4,91.3,88.8,No
S0777,26,Male,C101,17,28.7,2,4,4,57.7,47.6,No
S0778,41,Other,C103,19,42.3,22,0,10,63.4,98.9,No
S0779,49,Male,C101,15,33,6,2,14,79.6,60.9,No
S0780,20,Female,C104,12,30.4,22,1,4,92.5,87.8,Yes
S0781,34,Female,C104,13,35.4,6,2,9,51.4,87.5,No
S0782,20,Female,C103,22,17.5,13,4,8,44.5,100,No
S0783,33,Female,C104,15,39.9,1,0,9,70,64.2,Yes
S0784,21,Male,C104,35,38.8,9,2,2,68.4,60.2,No
S0785,35,Male,C102,28,30.9,18,4,5,80.5,21.2,No
S0786,34,Female,C102,10,45.1,8,1,7,78.2,72.6,No
S0787,24,Male,C103,21,23.7,15,3,10,69.5,89.5,No
S0788,49,Male,C101,17,46.3,18,5,8,85.7,92.2,No
S0789,41,Male,C102,21,36.5,17,1,12,59.8,100,Yes
S0790,40,Male,C101,17,31.6,8,0,14,73.2,80.8,No
S0791,47,Male,C104,17,34.8,15,5,6,51.8,85.1,No
S0792,49,Male,C102,18,33.9,12,1,11,69.4,76.4,No
S0793,22,Female,C103,10,47.2,9,1,2,48.1,89.1,No
S0794,29,Female,C103,16,24.2,24,1,0,53.3,56.3,No
S0795,34,Female,C103,13,27.4,19,1,3,95.6,46.8,No
S0796,40,Male,C102,18,45.4,13,5,12,42.6,58.4,No
S0797,30,Male,C101,12,29,11,0,5,66.8,79.3,No
S0798,40,Male,C104,24,44,24,4,2,82.4,49,No
S0799,42,Female,C101,20,52,18,2,13,100,62.3,No
S0800,20,Female,C101,18,31,6,3,0,72.7,63,No
S0801,26,Male,C104,20,41.8,22,2,5,73.5,90.6,No
S0802,47,Other,C104,21,23.5,14,2,13,70.6,88.2,No
S0803,34,Male,C102,24,42.5,15,3,0,85.9,76.4,No
S0804,34,Female,C102,14,37,7,5,8,76.5,84,No
S0805,47,Female,C102,18,39.7,9,0,10,61.4,84.4,No
S0806,37,Female,C102,22,28.5,3,3,13,86.7,67.7,Yes
S0807,33,Female,C102,23,18.4,18,0,11,63.1,64.2,No
S0808,42,Female,C104,22,40,18,5,0,46,100,No
S0809,39,Male,C101,17,14.4,20,2,12,46.1,25.2,No
S0810,30,Female,C102,19,31.8,14,0,5,67,60.2,No
S0811,44,Male,C102,22,44.4,13,5,0,71.5,70.9,No
S0812,36,Female,C101,22,36.9,0,5,11,84.3,86.2,No
S0813,34,Female,C102,19,54.5,15,4,6,79.6,97.7,No
S0814,21,Female,C101,23,45.3,9,3,2,71.2,100,No
S0815,29,Female,C101,22,28.5,18,4,5,85.2,73.2,No
S0816,46,Female,C104,22,35.3,21,2,6,70.2,74.5,No
S0817,26,Female,C103,26,34.5,2,3,0,50.6,82.3,Yes
S0818,36,Female,C104,20,19.2,4,2,0,47.4,64.4,No
S0819,29,Male,C103,19,25.6,8,4,12,89.2,51.3,No
S0820,26,Male,C103,18,29.4,17,5,4,36.3,73.1,No
S0821,24,Male,C103,25,14.6,10,2,5,67,89.9,No
S0822,45,Male,C102,28,35.5,15,3,14,100,70.1,No
S0823,31,Female,C104,25,32.5,1,3,14,76.9,83.3,No
S0824,48,Male,C103,24,18.3,11,2,8,66.9,37.6,No
S0825,49,Other,C101,25,39,21,3,13,44.7,75.4,No
S0826,37,Male,C102,17,42.2,5,5,0,94.3,66.9,No
S0827,36,Male,C104,24,37.3,10,5,12,88.2,49.5,No
S0828,43,Female,C103,26,31.8,7,3,3,80.3,88.1,No
S0829,32,Female,C101,22,40.9,11,2,9,70,100,No
S0830,33,Female,C104,18,41.8,1,4,7,78.6,94.8,No
S0831,38,Female,C104,21,38.1,8,3,9,67.8,96.1,No
S0832,22,Female,C102,22,26.8,14,3,8,55.4,89.2,No
S0833,20,Male,C104,19,37.8,1,3,14,84.3,87.9,No
S0834,29,Other,C102,24,47,0,3,12,69.2,39,No
S0835,42,Other,C103,23,29,9,2,2,77.8,72.4,No
S0836,37,Female,C102,22,56,1,4,10,68.2,85.2,Yes
S0837,44,Male,C101,16,29.7,11,4,1,76.9,85.6,No
S0838,38,Female,C102,14,35.3,22,0,3,69.8,100,No
S0839,21,Male,C101,25,28.3,7,3,1,68.6,54.4,No
S0840,38,Male,C102,23,37.2,4,3,0,70.4,87.1,Yes
S0841,40,Male,C104,20,17.6,21,0,11,100,53.7,No
S0842,33,Female,C103,18,29.5,0,4,2,82,70.8,Yes
S0843,42,Female,C101,17,24.1,14,1,6,100,73.8,No
S0844,24,Female,C102,22,36.4,5,5,12,69.9,92.3,No
S0845,30,Female,C102,21,44.9,11,1,12,65.4,89.9,No
S0846,38,Male,C102,17,41.5,7,4,0,53.9,77.4,No
S0847,27,Male,C104,32,11.3,12,3,1,94,32,No
S0848,43,Male,C104,26,55.4,18,1,0,56.4,83.9,No
S0849,24,Other,C101,21,38,0,2,7,97.1,69.6,No
S0850,31,Male,C101,12,27.2,10,2,4,54.8,100,No
S0851,48,Female,C104,21,36.6,19,0,7,83.3,98.1,No
S0852,43,Female,C101,28,36.8,0,4,2,46.1,56.2,No
S0853,22,Male,C103,14,28.3,7,4,12,63.4,86.6,No
S0854,20,Female,C103,17,37,4,1,11,70.3,87,No
S0855,40,Female,C104,24,28.9,16,3,6,61,85.6,No
S0856,46,Female,C101,17,31,7,4,7,67.5,83,No
S0857,28,Other,C102,17,28.1,24,1,14,67.5,87.6,No
S0858,28,Male,C103,22,20.7,9,1,5,82.1,100,No
S0859,35,Male,C104,21,36.5,1,5,12,38.7,64,Yes
S0860,32,Female,C101,23,40.9,8,5,12,61.6,56.9,No
S0861,29,Other,C104,22,40.1,23,4,6,88.8,90.7,No
S0862,26,Male,C102,18,43.2,22,1,13,78.4,37.3,No
S0863,27,Female,C103,13,38.2,2,0,11,89.1,88.1,Yes
S0864,43,Female,C104,28,29.7,17,0,1,81.4,84.5,No
S0865,29,Female,C104,13,43.4,6,5,7,53.7,28.1,No
S0866,34,Male,C104,23,21.4,14,4,4,79.9,62.3,No
S0867,46,Female,C102,14,26,20,3,6,71.5,100,No
S0868,23,Other,C104,23,25.4,21,0,0,100,45.9,Yes
S0869,24,Male,C102,16,45.8,19,0,4,82,79.3,No
S0870,31,Male,C102,20,44.4,17,5,0,77.9,54.9,No
S0871,30,Other,C102,31,39.9,24,5,11,80,60.8,No
S0872,25,Male,C103,20,45.7,2,4,12,77,100,Yes
S0873,27,Female,C103,21,26.2,22,5,7,76.6,77.5,No
S0874,26,Female,C104,21,38.5,13,2,14,66,85.3,No
S0875,35,Male,C104,16,33.7,23,1,3,78,72.8,No
S0876,44,Female,C103,17,43.5,1,0,3,84.2,44.7,Yes
S0877,43,Male,C101,19,33.8,13,2,1,85.9,51.3,No
S0878,19,Female,C103,21,31.2,21,3,4,84.1,98.6,No
S0879,22,Male,C102,18,40.4,10,2,0,92.6,78.1,No
S0880,46,Female,C103,19,43.8,15,4,8,86.8,59.6,No
S0881,22,Male,C102,22,28.3,7,3,4,79.4,74.6,No
S0882,23,Male,C104,14,34.4,6,3,5,52.8,88.2,No
S0883,36,Other,C101,14,24.4,10,5,1,52.9,84.1,No
S0884,25,Male,C104,23,10,2,2,9,66.3,59.6,Yes
S0885,33,Female,C102,20,37,16,4,9,70.7,43.5,No
S0886,30,Male,C102,22,41.1,13,0,0,91,66.9,No
S0887,18,Female,C102,19,37.6,5,5,3,28.3,97.2,No
S0888,39,Male,C101,25,15.5,7,2,6,54.5,92.1,No
S0889,37,Other,C103,13,31.5,21,0,5,67.1,83.2,No
S0890,34,Female,C104,21,12.8,4,2,9,55,71.6,No
S0891,48,Male,C104,13,48.7,7,5,0,58,64.7,No
S0892,24,Male,C103,13,24.1,1,0,0,62.5,72,Yes
S0893,42,Male,C104,21,47.6,14,5,7,55.8,90.6,No
S0894,30,Female,C101,22,44.5,11,2,3,58.4,95.2,No
S0895,21,Male,C104,23,26,16,3,4,90.4,69.8,No
S0896,21,Female,C102,17,23.7,0,1,12,79.2,100,Yes
S0897,23,Male,C103,21,38.5,14,3,6,81.5,76.8,No
S0898,45,Male,C101,18,26.6,13,5,7,69.5,68.1,No
S0899,48,Female,C103,19,36,19,5,14,85.2,100,No
S0900,36,Female,C101,23,30.2,21,5,9,82.7,34.2,No
S0901,46,Male,C102,18,17.2,15,0,6,79,84.6,No
S0902,29,Male,C103,23,12.7,8,4,1,60.2,73.5,No
S0903,39,Male,C104,22,37.3,0,5,13,63.4,100,Yes
S0904,24,Female,C101,24,29.4,16,3,14,85.9,87.1,No
S0905,44,Female,C103,19,29.5,12,1,3,62.2,77.8,No
S0906,27,Female,C104,16,42,20,5,9,50.7,88.3,No
S0907,43,Female,C103,18,46.7,20,5,11,62,53.9,No
S0908,36,Female,C103,18,32.3,4,5,0,93.4,94.3,No
S0909,24,Female,C103,15,31.6,9,0,9,62,48.1,Yes
S0910,47,Female,C101,18,40,5,5,8,74.9,82.2,No
S0911,20,Male,C104,14,21.4,23,3,2,60.8,75.7,No
S0912,30,Male,C102,19,37.2,18,2,11,81.5,39.7,No
S0913,30,Male,C101,22,40.5,24,4,2,78.1,76.4,No
S0914,35,Male,C101,22,41.8,12,5,9,47.6,80.6,No
S0915,45,Female,C101,15,15.6,0,0,8,74,61.9,Yes
S0916,47,Other,C102,21,27.4,19,3,9,44.8,54.8,Yes
S0917,43,Male,C104,19,26.2,24,5,2,61.7,84.8,No
S0918,37,Male,C104,14,36,14,0,7,69.8,82.2,No
S0919,45,Female,C104,15,39.8,13,2,1,97.7,79.5,No
S0920,25,Other,C103,16,50,7,1,13,74.8,75.2,No
S0921,46,Male,C103,21,30.1,9,5,12,58.5,63.7,No
S0922,48,Female,C103,26,30,8,3,2,65.2,100,No
S0923,26,Male,C102,18,46.5,16,0,1,83.9,69,No
S0924,24,Male,C103,20,38,8,0,0,58.7,57.7,No
S0925,18,Other,C102,21,47.7,2,5,1,86.5,76.1,Yes
S0926,20,Other,C104,19,37.9,10,0,7,62.2,71.4,No
S0927,30,Male,C103,14,23.4,11,1,8,56.3,68.6,No
S0928,45,Other,C103,19,21.7,9,0,12,62.6,100,No
S0929,47,Female,C101,24,19.5,24,4,1,45.8,52.4,Yes
S0930,42,Female,C102,25,41.6,16,4,6,37.4,75.7,No
S0931,48,Female,C104,20,46.9,16,0,14,68.8,53.7,No
S0932,45,Female,C101,34,53.5,24,5,4,69,64.2,No
S0933,34,Female,C101,23,43.4,10,4,2,73.8,100,No
S0934,42,Female,C104,19,46.6,21,3,8,68.7,80.6,No
S0935,41,Male,C101,22,29.2,3,4,14,100,80.4,No
S0936,18,Male,C102,13,23.4,6,0,5,72.5,56.2,No
S0937,23,Male,C102,17,43.5,20,5,10,49.4,66.5,No
S0938,38,Female,C103,19,39.2,13,2,0,53.2,100,No
S0939,23,Male,C101,18,36.1,6,5,4,70,85,No
S0940,43,Female,C103,21,38.9,23,5,6,63.5,68.2,No
S0941,29,Other,C101,18,38.2,7,5,3,51.6,83.8,No
S0942,30,Male,C102,19,47.8,0,3,7,69.1,80.4,No
S0943,49,Female,C102,21,47.9,23,1,9,69.3,58.2,No
S0944,30,Male,C102,24,40.4,21,0,4,93.9,67.6,No
S0945,46,Female,C101,25,43.5,3,1,8,56.3,100,No
S0946,32,Male,C102,24,40.1,11,2,8,63.7,82.8,No
S0947,38,Female,C101,19,30.4,23,1,8,93.9,43.6,Yes
S0948,33,Female,C103,20,42.6,2,0,0,74.9,85.2,Yes
S0949,39,Other,C101,16,21.1,12,0,1,56.2,100,No
S0950,38,Female,C103,21,45.5,19,2,2,59.3,56.9,No
S0951,28,Female,C101,11,23.1,5,0,13,51.8,65.9,Yes
S0952,45,Female,C103,24,37.9,10,2,3,71.2,100,No
S0953,22,Female,C102,16,26.5,22,2,9,85.5,75.7,No
S0954,21,Female,C103,12,40.5,3,0,8,94.5,72.1,Yes
S0955,20,Male,C102,15,34.7,19,4,9,47.7,48.3,No
S0956,36,Other,C102,16,19.1,15,2,12,83,96.4,No
S0957,37,Female,C103,10,39.2,6,0,5,72.5,71.2,Yes
S0958,42,Female,C101,20,29.2,21,4,0,66.1,31.6,No
S0959,35,Male,C101,18,43.8,10,2,11,63.7,43.5,No
S0960,32,Female,C104,14,35,23,4,8,41.2,63.8,No
S0961,26,Male,C101,11,39,0,3,5,79.6,53.5,No
S0962,34,Female,C104,21,25.4,6,5,3,50.2,56.7,No
S0963,31,Male,C101,26,29.1,11,3,13,58.8,100,No
S0964,32,Female,C101,31,30.4,6,4,3,76.3,89.2,No
S0965,48,Other,C102,13,43.6,22,2,2,42.8,23.5,No
S0966,18,Male,C104,15,51.8,6,0,6,50.2,68.7,No
S0967,38,Other,C101,22,26.9,9,1,2,88.3,73.2,No
S0968,39,Male,C104,29,45.8,15,0,1,71.8,45.5,No
S0969,39,Female,C102,17,13.3,7,1,9,60.1,85.7,Yes
S0970,20,Female,C102,15,23.1,8,1,7,71.9,34.2,No
S0971,33,Female,C104,14,25.4,8,2,3,80,96.9,No
S0972,40,Female,C102,16,21.5,1,4,7,86.9,100,No
S0973,42,Female,C103,30,19.2,12,0,0,53.3,100,Yes
S0974,28,Male,C103,18,39.1,12,4,14,54.6,43.5,No
S0975,29,Male,C102,12,32.9,22,3,4,79.1,47.6,No
S0976,27,Female,C103,22,38.8,22,2,12,79.6,88.9,No
S0977,49,Female,C101,19,41.9,3,2,8,49.8,98.7,No
S0978,33,Female,C104,19,37.7,24,3,0,55.2,91.2,No
S0979,25,Female,C101,18,41.6,23,0,10,67.1,96.6,No
S0980,23,Male,C104,21,34.3,11,5,12,70.4,100,No
S0981,29,Female,C102,17,23.1,16,3,3,70.8,79,No
S0982,41,Male,C101,16,45.6,1,0,5,49.6,70.7,No
S0983,45,Female,C102,15,29.1,12,1,9,70.6,47.6,No
S0984,38,Male,C102,22,25.6,17,2,7,59.2,69,No
S0985,25,Male,C104,20,33.2,14,0,13,52.5,72.1,No
S0986,43,Male,C104,12,25.9,7,4,2,69.8,56,No
S0987,45,Male,C104,18,30.8,14,4,4,68.3,74.2,No
S0988,21,Female,C101,16,38.4,0,2,6,82,53.8,No
S0989,43,Male,C103,15,38.5,19,3,0,57.1,97.3,No
S0990,25,Male,C104,18,26,9,5,14,73.5,83.5,No
S0991,43,Male,C104,19,30.1,11,3,6,46.5,65.8,No
S0992,45,Male,C101,26,45.7,4,0,12,65.9,78.8,Yes
S0993,35,Male,C104,23,40,8,3,11,77,52.9,No
S0994,45,Male,C101,19,55.8,22,2,10,78.2,54.9,No
S0995,45,Female,C102,19,46.8,7,0,7,78.3,62.3,Yes
S0996,22,Female,C104,22,46.4,15,1,7,82.1,71.2,Yes
S0997,26,Female,C104,14,21.1,13,3,8,63.3,77.8,No
S0998,21,Female,C102,16,42.6,24,3,5,77.4,77.9,No
S0999,49,Male,C102,22,34.5,12,5,11,98,48.6,No
S1000,44,Female,C102,19,29.5,22,0,5,63,73.4,Yes
